"2023 College Graduate Career Jobs — Hiring & Layoff Data (US) [CPI-Adjusted to 2025 USD, factor=1.0564]",,,,,
#,Job Title,Industry / Category,Avg. Salary (2025 USD),# Hired in 2023,# Fired / Laid Off in 2023
1.0,Software Engineer,Technology,185390.95,9669.0,4120.0
2.0,Frontend Developer,Technology,145161.37,7915.0,1344.0
3.0,Backend Developer,Technology,158471.57,8775.0,1587.0
4.0,Full Stack Developer,Technology,159934.75,8976.0,1827.0
5.0,Mobile App Developer (iOS),Technology,137710.24,8000.0,2534.0
6.0,Mobile App Developer (Android),Technology,137754.61,6854.0,2523.0
7.0,Data Scientist,Technology,142564.62,7969.0,4084.0
8.0,Data Engineer,Technology,149109.32,8741.0,1074.0
9.0,Data Analyst,Technology,99273.45,5581.0,1456.0
10.0,Machine Learning Engineer,Technology,176168.15,9164.0,893.0
11.0,AI Research Scientist,Technology,198368.37,6973.0,1171.0
12.0,DevOps Engineer,Technology,154681.03,8182.0,3715.0
13.0,Site Reliability Engineer,Technology,161871.22,7122.0,1028.0
14.0,Cloud Architect,Technology,181815.92,6193.0,1278.0
15.0,Cybersecurity Analyst,Technology,111637.08,5982.0,2111.0
16.0,Penetration Tester,Technology,119450.57,3630.0,1010.0
17.0,Security Engineer,Technology,148287.4,5792.0,1534.0
18.0,Network Engineer,Technology,103839.43,5147.0,1627.0
19.0,Systems Administrator,Technology,89170.63,4403.0,1782.0
20.0,IT Support Specialist,Technology,58561.08,3337.0,429.0
21.0,Database Administrator,Technology,107100.68,4967.0,1993.0
22.0,Blockchain Developer,Technology,150383.4,6131.0,1879.0
23.0,Game Developer,Technology,111386.7,6857.0,1980.0
24.0,Embedded Systems Engineer,Technology,121799.06,4100.0,693.0
25.0,QA Engineer,Technology,93469.32,5771.0,2719.0
26.0,Product Manager (Tech),Technology,156705.19,7066.0,1876.0
27.0,Technical Program Manager,Technology,163512.95,6082.0,885.0
28.0,Solutions Architect,Technology,170389.37,5636.0,711.0
29.0,UX Designer,Technology,104534.57,7083.0,3119.0
30.0,UI Designer,Technology,98879.4,6024.0,2116.0
31.0,UX Researcher,Technology,109862.24,5452.0,2516.0
32.0,Product Designer,Technology,119453.74,6086.0,3433.0
33.0,Scrum Master,Technology,111887.45,5396.0,1314.0
34.0,IT Project Manager,Technology,118315.95,4826.0,2169.0
35.0,ERP Consultant,Technology,107829.63,3871.0,1435.0
36.0,Salesforce Developer,Technology,130973.26,6024.0,2071.0
37.0,Business Intelligence Analyst,Technology,101844.85,4250.0,2177.0
38.0,Cloud Engineer (AWS),Technology,150254.51,7342.0,2395.0
39.0,Cloud Engineer (Azure),Technology,146283.32,6458.0,2814.0
40.0,Cloud Engineer (GCP),Technology,141562.05,6178.0,2334.0
41.0,Platform Engineer,Technology,155408.93,5953.0,3458.0
42.0,Hardware Engineer,Technology,118612.81,3706.0,738.0
43.0,Firmware Engineer,Technology,124840.57,3400.0,598.0
44.0,Robotics Engineer,Technology,132255.79,3274.0,556.0
45.0,Computer Vision Engineer,Technology,163534.07,4666.0,916.0
46.0,NLP Engineer,Technology,170296.4,4374.0,1009.0
47.0,AR/VR Developer,Technology,130740.84,3845.0,658.0
48.0,Quantum Computing Researcher,Technology,186976.68,915.0,208.0
49.0,IT Auditor,Technology,93913.03,3171.0,992.0
50.0,Technical Writer,Technology,82471.69,4654.0,1598.0
51.0,Investment Banker,Finance,145912.51,5103.0,1093.0
52.0,Financial Analyst,Finance,83856.69,6328.0,810.0
53.0,Portfolio Manager,Finance,166193.16,3224.0,634.0
54.0,Equity Research Analyst,Finance,111401.49,2895.0,1148.0
55.0,Risk Analyst,Finance,92495.28,3775.0,821.0
56.0,Credit Analyst,Finance,79572.79,3476.0,765.0
57.0,Loan Officer,Finance,72630.87,4655.0,700.0
58.0,Financial Planner,Finance,88369.84,5015.0,1757.0
59.0,Wealth Manager,Finance,127246.11,3483.0,496.0
60.0,Actuary,Finance,118790.29,3209.0,449.0
61.0,Quantitative Analyst,Finance,166391.77,3698.0,1544.0
62.0,Trader,Finance,148294.8,3866.0,1347.0
63.0,Hedge Fund Analyst,Finance,146581.24,2407.0,670.0
64.0,Private Equity Analyst,Finance,138829.02,2023.0,501.0
65.0,Venture Capital Analyst,Finance,126928.12,1595.0,460.0
66.0,Corporate Finance Analyst,Finance,91363.82,4994.0,1621.0
67.0,Treasury Analyst,Finance,83579.9,3338.0,585.0
68.0,Tax Associate,Finance,79318.19,4641.0,494.0
69.0,Accountant (CPA),Finance,76296.74,6144.0,854.0
70.0,Auditor,Finance,72350.91,5310.0,707.0
71.0,Forensic Accountant,Finance,95972.05,2385.0,382.0
72.0,Controller,Finance,146866.48,2611.0,896.0
73.0,CFO,Finance,267649.23,1502.0,499.0
74.0,Compliance Officer,Finance,104084.52,3890.0,657.0
75.0,Underwriter,Finance,89543.56,3553.0,791.0
76.0,Insurance Agent,Finance,65187.13,7011.0,1212.0
77.0,Claims Adjuster,Finance,62176.25,4775.0,1924.0
78.0,Mortgage Broker,Finance,82744.25,4342.0,963.0
79.0,Real Estate Analyst,Finance,90040.09,3724.0,517.0
80.0,Budget Analyst,Finance,79471.37,4178.0,681.0
81.0,Economic Consultant,Finance,113758.42,2480.0,565.0
82.0,Economist,Finance,109095.26,2272.0,272.0
83.0,Financial Examiner,Finance,84427.18,2930.0,620.0
84.0,Bookkeeper,Finance,48299.79,3752.0,1394.0
85.0,Payroll Specialist,Finance,55898.83,3681.0,822.0
86.0,Physician (General Practice),Healthcare,246936.49,2663.0,213.0
87.0,Surgeon,Healthcare,385311.24,1836.0,347.0
88.0,Psychiatrist,Healthcare,277971.8,2098.0,261.0
89.0,Pediatrician,Healthcare,226556.54,2337.0,137.0
90.0,Cardiologist,Healthcare,444879.11,1106.0,47.0
91.0,Dermatologist,Healthcare,393574.78,1078.0,52.0
92.0,Neurologist,Healthcare,326908.62,1390.0,184.0
93.0,Radiologist,Healthcare,422169.68,1204.0,181.0
94.0,Anesthesiologist,Healthcare,396006.73,1410.0,137.0
95.0,Oncologist,Healthcare,366687.1,1521.0,77.0
96.0,Orthopedic Surgeon,Healthcare,492161.54,936.0,77.0
97.0,Emergency Medicine Physician,Healthcare,341474.94,1762.0,314.0
98.0,Nurse Practitioner,Healthcare,119600.59,15799.0,1846.0
99.0,Registered Nurse,Healthcare,83771.12,43584.0,6440.0
100.0,Physician Assistant,Healthcare,127494.37,9159.0,1465.0
101.0,Pharmacist,Healthcare,127182.72,6034.0,226.0
102.0,Physical Therapist,Healthcare,92368.5,8493.0,1043.0
103.0,Occupational Therapist,Healthcare,89724.21,7554.0,950.0
104.0,Speech-Language Pathologist,Healthcare,86566.48,5428.0,697.0
105.0,Dental Hygienist,Healthcare,78198.35,6760.0,470.0
106.0,Dentist,Healthcare,177156.98,3964.0,495.0
107.0,Optometrist,Healthcare,130780.99,3655.0,198.0
108.0,Chiropractor,Healthcare,83262.97,3316.0,380.0
109.0,Veterinarian,Healthcare,124422.22,3125.0,321.0
110.0,Radiologic Technologist,Healthcare,67656.05,6776.0,1128.0
111.0,Medical Laboratory Scientist,Healthcare,73090.42,6040.0,888.0
112.0,Clinical Social Worker,Healthcare,62655.88,8289.0,628.0
113.0,Respiratory Therapist,Healthcare,68725.17,5364.0,505.0
114.0,Dietitian / Nutritionist,Healthcare,66492.9,4871.0,325.0
115.0,Healthcare Administrator,Healthcare,105689.27,7177.0,1346.0
116.0,Medical Coder,Healthcare,51984.68,5715.0,993.0
117.0,Medical Transcriptionist,Healthcare,41709.66,2691.0,228.0
118.0,Genetic Counselor,Healthcare,88628.67,2031.0,300.0
119.0,Biomedical Engineer,Healthcare,99230.14,3896.0,474.0
120.0,Clinical Research Coordinator,Healthcare,63343.62,5178.0,372.0
121.0,Attorney (Corporate Law),Legal,186168.49,4081.0,614.0
122.0,Attorney (Criminal Defense),Legal,78400.13,3753.0,544.0
123.0,Attorney (Family Law),Legal,71815.29,4101.0,614.0
124.0,Attorney (Immigration),Legal,69501.66,3262.0,421.0
125.0,Attorney (Intellectual Property),Legal,184709.54,2566.0,108.0
126.0,Attorney (Real Estate),Legal,93301.35,3186.0,334.0
127.0,Attorney (Tax Law),Legal,147861.65,2215.0,111.0
128.0,Attorney (Environmental Law),Legal,87699.0,2070.0,476.0
129.0,Public Defender,Legal,58901.26,3237.0,605.0
130.0,Prosecutor / District Attorney,Legal,72164.97,2740.0,425.0
131.0,Judge,Legal,147233.07,1217.0,115.0
132.0,Paralegal,Legal,55040.99,6793.0,374.0
133.0,Legal Secretary,Legal,49050.93,5603.0,1055.0
134.0,Compliance Manager,Legal,118364.54,3618.0,685.0
135.0,Contract Manager,Legal,104469.07,3966.0,243.0
136.0,Legal Analyst,Legal,73017.53,3643.0,390.0
137.0,Patent Agent,Legal,106687.61,2032.0,129.0
138.0,Arbitrator / Mediator,Legal,89848.87,1718.0,309.0
139.0,Title Examiner,Legal,59338.63,2583.0,435.0
140.0,Court Reporter,Legal,62661.16,2160.0,148.0
141.0,Elementary School Teacher,Education,48649.47,27071.0,3094.0
142.0,Middle School Teacher,Education,52730.54,16307.0,2295.0
143.0,High School Teacher,Education,54868.79,20085.0,1672.0
144.0,Special Education Teacher,Education,58756.52,11415.0,2122.0
145.0,School Counselor,Education,61846.64,8172.0,913.0
146.0,School Psychologist,Education,80104.19,4789.0,358.0
147.0,Principal,Education,101550.1,3896.0,467.0
148.0,University Professor,Education,111394.09,7998.0,1100.0
149.0,College Lecturer,Education,65013.87,6167.0,457.0
150.0,Academic Advisor,Education,51927.64,6989.0,549.0
151.0,Curriculum Developer,Education,72621.36,4103.0,818.0
152.0,Instructional Designer,Education,79850.64,5251.0,814.0
153.0,ESL Teacher,Education,48542.77,8711.0,1003.0
154.0,Librarian,Education,59037.54,4562.0,578.0
155.0,Education Administrator,Education,82411.47,4968.0,276.0
156.0,Tutoring Center Director,Education,63231.64,3757.0,263.0
157.0,Corporate Trainer,Education,72725.95,5368.0,451.0
158.0,E-Learning Developer,Education,87508.84,3786.0,476.0
159.0,Museum Educator,Education,47818.05,3347.0,277.0
160.0,Early Childhood Educator,Education,37978.28,14676.0,1108.0
161.0,Marketing Manager,Marketing,113700.32,8946.0,568.0
162.0,Digital Marketing Specialist,Marketing,72808.35,11601.0,1843.0
163.0,SEO Specialist,Marketing,69299.88,9434.0,662.0
164.0,Content Marketing Manager,Marketing,82512.89,8419.0,1625.0
165.0,Social Media Manager,Marketing,62334.71,13911.0,2144.0
166.0,Brand Manager,Marketing,99773.15,6456.0,363.0
167.0,Advertising Manager,Marketing,105021.59,5634.0,486.0
168.0,Market Research Analyst,Marketing,68027.92,6750.0,1013.0
169.0,Public Relations Specialist,Marketing,62598.83,6097.0,452.0
170.0,Communications Director,Marketing,126470.68,4019.0,262.0
171.0,Copywriter,Marketing,64972.67,8980.0,1856.0
172.0,Content Strategist,Marketing,79276.99,6626.0,810.0
173.0,Growth Hacker,Marketing,88999.49,5266.0,734.0
174.0,Email Marketing Specialist,Marketing,62183.64,7317.0,1324.0
175.0,Influencer Marketing Manager,Marketing,72463.95,5203.0,747.0
176.0,Event Planner,Marketing,51863.19,8285.0,495.0
177.0,Media Buyer,Marketing,68455.78,4798.0,235.0
178.0,Product Marketing Manager,Marketing,118152.2,7228.0,872.0
179.0,Creative Director,Marketing,146285.43,4197.0,461.0
180.0,Graphic Designer,Marketing,58728.0,9119.0,1069.0
181.0,Video Producer,Marketing,72587.55,7734.0,1069.0
182.0,Podcast Producer,Marketing,55308.27,4610.0,622.0
183.0,Photojournalist,Marketing,47847.63,2907.0,623.0
184.0,Animator,Marketing,72044.54,5867.0,283.0
185.0,Motion Graphics Designer,Marketing,78296.6,4761.0,620.0
186.0,Biologist,Science,83367.56,3769.0,455.0
187.0,Chemist,Science,77717.67,4533.0,702.0
188.0,Physicist,Science,98696.63,2524.0,191.0
189.0,Environmental Scientist,Science,72350.91,4962.0,420.0
190.0,Geologist,Science,87771.89,3823.0,386.0
191.0,Astronomer,Science,114701.83,1128.0,123.0
192.0,Marine Biologist,Science,68929.07,2016.0,178.0
193.0,Ecologist,Science,65052.96,3450.0,283.0
194.0,Neuroscientist,Science,91874.08,2303.0,485.0
195.0,Epidemiologist,Science,87990.58,3115.0,367.0
196.0,Forensic Scientist,Science,67983.55,3774.0,651.0
197.0,Microbiologist,Science,79366.79,3493.0,417.0
198.0,Biochemist,Science,83529.19,4108.0,218.0
199.0,Agricultural Scientist,Science,65789.3,3805.0,778.0
200.0,Food Scientist,Science,73207.69,4067.0,736.0
201.0,Materials Scientist,Science,91640.61,3066.0,533.0
202.0,Nanotechnologist,Science,102739.66,1625.0,378.0
203.0,Toxicologist,Science,79889.73,2614.0,458.0
204.0,Clinical Psychologist,Science,91383.89,5431.0,411.0
205.0,Research Psychologist,Science,82981.95,3293.0,359.0
206.0,Sociologist,Science,71934.67,2657.0,209.0
207.0,Anthropologist,Science,64952.6,2137.0,229.0
208.0,Archaeologist,Science,62005.1,2378.0,138.0
209.0,Political Scientist,Science,111917.03,2161.0,258.0
210.0,Statistician,Science,101341.98,4492.0,844.0
211.0,Biostatistician,Science,108629.36,3043.0,298.0
212.0,Computational Biologist,Science,111780.75,2486.0,358.0
213.0,Pharmacologist,Science,97536.65,2526.0,285.0
214.0,Immunologist,Science,102799.88,2243.0,243.0
215.0,Virologist,Science,95935.07,2302.0,420.0
216.0,Mechanical Engineer,Engineering,97601.09,6651.0,1177.0
217.0,Electrical Engineer,Engineering,104368.71,6928.0,976.0
218.0,Civil Engineer,Engineering,93158.73,8251.0,1177.0
219.0,Chemical Engineer,Engineering,112674.51,5226.0,403.0
220.0,Aerospace Engineer,Engineering,125956.18,3635.0,356.0
221.0,Nuclear Engineer,Engineering,117259.5,1756.0,296.0
222.0,Industrial Engineer,Engineering,94900.81,5134.0,868.0
223.0,Structural Engineer,Engineering,99507.98,4717.0,746.0
224.0,Environmental Engineer,Engineering,89422.07,4428.0,803.0
225.0,Materials Engineer,Engineering,98661.77,3532.0,177.0
226.0,Petroleum Engineer,Engineering,144933.18,2769.0,346.0
227.0,Mining Engineer,Engineering,117254.21,2434.0,250.0
228.0,Biomedical Engineer (Device),Engineering,101924.08,3397.0,582.0
229.0,Agricultural Engineer,Engineering,82959.77,2532.0,191.0
230.0,Marine Engineer,Engineering,105205.41,2202.0,412.0
231.0,Geotechnical Engineer,Engineering,92600.92,2879.0,195.0
232.0,Transportation Engineer,Engineering,88631.84,3926.0,349.0
233.0,Water Resources Engineer,Engineering,86159.75,3726.0,582.0
234.0,Acoustical Engineer,Engineering,92917.86,1770.0,312.0
235.0,Optical Engineer,Engineering,109458.68,2084.0,156.0
236.0,Manufacturing Engineer,Engineering,88778.69,5106.0,325.0
237.0,Quality Engineer,Engineering,83497.5,5143.0,828.0
238.0,Process Engineer,Engineering,92829.11,4686.0,359.0
239.0,Safety Engineer,Engineering,90135.17,3600.0,564.0
240.0,Packaging Engineer,Engineering,77663.79,3245.0,477.0
241.0,Architectural Engineer,Engineering,84456.76,2827.0,319.0
242.0,Management Consultant,Business,145825.88,6917.0,1130.0
243.0,Business Analyst,Business,89341.78,8744.0,1049.0
244.0,Operations Manager,Business,103135.83,8264.0,1478.0
245.0,Supply Chain Manager,Business,112276.23,6136.0,426.0
246.0,Logistics Coordinator,Business,61954.39,7227.0,978.0
247.0,Procurement Manager,Business,105698.78,5589.0,449.0
248.0,Human Resources Manager,Business,100191.51,7229.0,719.0
249.0,Recruiter,Business,62911.54,10936.0,1565.0
250.0,Talent Acquisition Specialist,Business,72805.18,9123.0,891.0
251.0,Training & Development Manager,Business,89825.63,4884.0,436.0
252.0,Compensation Analyst,Business,79154.44,4542.0,818.0
253.0,Benefits Administrator,Business,61771.63,4352.0,239.0
254.0,CEO,Business,385243.62,1127.0,149.0
255.0,COO,Business,300456.2,1359.0,247.0
256.0,CMO,Business,250970.02,1435.0,261.0
257.0,Strategy Consultant,Business,164502.84,4312.0,228.0
258.0,Change Management Consultant,Business,148188.1,3862.0,293.0
259.0,Account Manager,Business,73640.83,10709.0,1097.0
260.0,Sales Representative,Business,62352.67,18328.0,3019.0
261.0,Sales Manager,Business,106362.23,8178.0,1499.0
262.0,Business Development Manager,Business,113021.02,6464.0,1133.0
263.0,Entrepreneur / Startup Founder,Business,67968.76,5104.0,539.0
264.0,Franchise Owner,Business,81499.76,4432.0,340.0
265.0,Retail Manager,Business,51979.4,9013.0,1550.0
266.0,Store Manager,Business,54903.65,7926.0,1173.0
267.0,E-commerce Manager,Business,84914.2,6748.0,973.0
268.0,Customer Success Manager,Business,79130.14,7943.0,1815.0
269.0,Customer Service Representative,Business,42307.61,20781.0,3532.0
270.0,Office Manager,Business,58083.56,7840.0,383.0
271.0,Executive Assistant,Business,66263.65,6491.0,1021.0
272.0,Architect,Architecture,89088.23,4224.0,368.0
273.0,Urban Planner,Architecture,79834.79,3101.0,589.0
274.0,Landscape Architect,Architecture,72148.07,3117.0,688.0
275.0,Interior Designer,Architecture,58980.49,5284.0,370.0
276.0,Industrial Designer,Architecture,71990.66,3894.0,232.0
277.0,Fashion Designer,Architecture,54945.91,4696.0,312.0
278.0,Furniture Designer,Architecture,52352.33,2558.0,423.0
279.0,Jewelry Designer,Architecture,48746.67,2322.0,186.0
280.0,Textile Designer,Architecture,53174.25,2823.0,397.0
281.0,Web Designer,Architecture,67916.99,6973.0,1197.0
282.0,3D Modeler,Architecture,62907.31,4374.0,308.0
283.0,CAD Designer,Architecture,65528.36,4834.0,738.0
284.0,Environmental Designer,Architecture,67629.64,2713.0,210.0
285.0,Exhibition Designer,Architecture,58301.19,2390.0,324.0
286.0,Lighting Designer,Architecture,64811.03,2708.0,510.0
287.0,Government Policy Analyst,Government,83956.0,5204.0,805.0
288.0,Intelligence Analyst,Government,87941.98,3698.0,182.0
289.0,Foreign Service Officer,Government,78869.2,2076.0,185.0
290.0,Military Officer,Government,91473.69,8302.0,603.0
291.0,FBI Agent,Government,96393.57,1695.0,74.0
292.0,CIA Analyst,Government,89773.86,1556.0,208.0
293.0,TSA Officer,Government,51787.13,6379.0,798.0
294.0,Customs Officer,Government,62159.34,4952.0,314.0
295.0,Police Officer,Government,61602.6,12566.0,1695.0
296.0,Firefighter,Government,58417.4,8775.0,966.0
297.0,Paramedic / EMT,Government,48668.49,10850.0,1121.0
298.0,Social Worker,Government,52131.53,12372.0,518.0
299.0,Urban Planner (Government),Government,78027.21,3349.0,165.0
300.0,Environmental Regulator,Government,73571.11,2612.0,433.0
301.0,Congressional Staffer,Government,52859.42,3971.0,683.0
302.0,City Planner,Government,79541.1,2690.0,298.0
303.0,Public Health Administrator,Government,83941.21,3453.0,563.0
304.0,State Auditor,Government,73109.44,2413.0,277.0
305.0,Tax Examiner (IRS),Government,61787.47,3792.0,230.0
306.0,Immigration Officer,Government,69424.54,3246.0,189.0
307.0,Journalist,Media,52224.5,4805.0,745.0
308.0,News Anchor,Media,66398.87,2831.0,1164.0
309.0,Radio Host,Media,52859.42,2335.0,914.0
310.0,Film Director,Media,91959.66,2455.0,1112.0
311.0,Screenwriter,Media,79648.86,2813.0,846.0
312.0,Film Editor,Media,71871.28,3342.0,713.0
313.0,Camera Operator,Media,58946.68,4309.0,521.0
314.0,Sound Engineer,Media,62838.64,3552.0,607.0
315.0,Music Producer,Media,82275.19,3321.0,1343.0
316.0,Actor,Media,47955.39,4002.0,1716.0
317.0,Voice Actor,Media,53060.15,3153.0,526.0
318.0,Stunt Coordinator,Media,71908.26,1473.0,530.0
319.0,Game Designer,Media,89131.54,4377.0,709.0
320.0,Esports Manager,Media,71525.82,2212.0,1163.0
321.0,Sports Analyst,Media,68589.95,3010.0,1268.0
322.0,Sports Broadcaster,Media,72150.18,2057.0,848.0
323.0,Sportswriter,Media,52320.64,2597.0,899.0
324.0,Book Editor,Media,58512.48,2969.0,904.0
325.0,Literary Agent,Media,62482.62,2469.0,272.0
326.0,Publishing Manager,Media,73513.0,2551.0,1138.0
327.0,YouTube Content Creator,Media,56043.56,3099.0,753.0
328.0,Podcast Host,Media,48969.58,3528.0,1261.0
329.0,Streaming Personality,Media,53255.59,3232.0,1414.0
330.0,Social Media Influencer,Media,63272.84,3572.0,1354.0
331.0,Photographer,Media,48339.94,4437.0,1798.0
332.0,Videographer,Media,55550.2,4912.0,719.0
333.0,Nonprofit Program Manager,Nonprofit,63178.82,4958.0,886.0
334.0,Grant Writer,Nonprofit,58190.27,3880.0,253.0
335.0,Development Director,Nonprofit,88167.0,3267.0,689.0
336.0,Volunteer Coordinator,Nonprofit,45768.54,4009.0,877.0
337.0,Community Organizer,Nonprofit,48560.73,4821.0,483.0
338.0,Advocacy Manager,Nonprofit,65364.61,3251.0,710.0
339.0,International Aid Worker,Nonprofit,55191.01,2841.0,416.0
340.0,Environmental Activist,Nonprofit,48627.29,2487.0,307.0
341.0,Fundraising Manager,Nonprofit,71887.13,3749.0,700.0
342.0,NGO Director,Nonprofit,94096.85,2333.0,188.0
343.0,Social Entrepreneur,Nonprofit,64910.34,2411.0,129.0
344.0,Corporate Social Responsibility Manager,Nonprofit,82022.7,3114.0,266.0
345.0,Foundation Program Officer,Nonprofit,79807.32,2714.0,242.0
346.0,Policy Advocate,Nonprofit,64690.6,3222.0,589.0
347.0,Human Rights Lawyer,Nonprofit,67785.99,1887.0,484.0
348.0,Real Estate Agent,Real Estate,72679.46,15594.0,2200.0
349.0,Real Estate Broker,Real Estate,95665.68,7255.0,1560.0
350.0,Property Manager,Real Estate,58067.72,6659.0,1707.0
351.0,Real Estate Developer,Real Estate,145843.84,3002.0,1152.0
352.0,Commercial Real Estate Analyst,Real Estate,93013.99,2893.0,595.0
353.0,Appraiser,Real Estate,72646.71,3078.0,1158.0
354.0,Mortgage Loan Officer,Real Estate,83610.54,4974.0,618.0
355.0,Title Officer,Real Estate,62149.84,3705.0,1428.0
356.0,Real Estate Attorney,Real Estate,114549.7,2320.0,231.0
357.0,Home Inspector,Real Estate,58681.51,3786.0,1436.0
358.0,Leasing Consultant,Real Estate,45136.78,5077.0,747.0
359.0,HOA Manager,Real Estate,54646.94,3025.0,408.0
360.0,Construction Manager,Trades,102026.56,6426.0,669.0
361.0,Project Manager (Construction),Trades,94637.75,5891.0,963.0
362.0,Electrical Contractor,Trades,82362.87,6678.0,708.0
363.0,Plumbing Contractor,Trades,76202.72,5552.0,915.0
364.0,HVAC Technician,Trades,62865.05,7483.0,931.0
365.0,Welder (Specialized),Trades,66493.95,5092.0,460.0
366.0,Aircraft Mechanic,Trades,79327.7,4341.0,539.0
367.0,Marine Technician,Trades,65549.49,2736.0,258.0
368.0,Wind Turbine Technician,Trades,58925.55,4071.0,546.0
369.0,Solar Panel Installer (Lead),Trades,55572.38,7495.0,339.0
370.0,Strategy Analyst,Consulting,104394.06,4372.0,1738.0
371.0,McKinsey Analyst,Consulting,106207.98,1531.0,372.0
372.0,BCG Analyst,Consulting,103284.79,1382.0,479.0
373.0,Bain Analyst,Consulting,101718.08,1240.0,356.0
374.0,IT Consultant,Consulting,113248.16,7127.0,2114.0
375.0,HR Consultant,Consulting,89610.11,4783.0,665.0
376.0,Financial Consultant,Consulting,98295.18,4178.0,336.0
377.0,Healthcare Consultant,Consulting,113131.95,3138.0,1005.0
378.0,Operations Consultant,Consulting,101485.66,3669.0,562.0
379.0,Marketing Consultant,Consulting,89487.57,3902.0,579.0
380.0,Environmental Consultant,Consulting,83796.48,3102.0,784.0
381.0,Risk Consultant,Consulting,94363.08,2987.0,827.0
382.0,Sustainability Consultant,Consulting,86555.92,3475.0,658.0
383.0,Digital Transformation Consultant,Consulting,129749.89,4698.0,781.0
384.0,Hotel Manager,Hospitality,61836.07,7399.0,847.0
385.0,Restaurant Manager,Hospitality,51698.39,9964.0,1179.0
386.0,Chef (Executive),Hospitality,73526.74,6336.0,657.0
387.0,Sommelier,Hospitality,56054.13,3027.0,218.0
388.0,Travel Agent,Hospitality,44928.66,4442.0,584.0
389.0,Tour Guide,Hospitality,38397.69,4938.0,830.0
390.0,Event Coordinator,Hospitality,49027.68,9129.0,1232.0
391.0,Wedding Planner,Hospitality,55832.27,5123.0,1061.0
392.0,Cruise Director,Hospitality,61893.12,1955.0,332.0
393.0,Casino Manager,Hospitality,76066.44,2483.0,244.0
394.0,Theme Park Manager,Hospitality,69288.26,3290.0,453.0
395.0,Airline Pilot,Hospitality,194461.62,5461.0,261.0
396.0,Flight Attendant,Hospitality,57907.14,8005.0,671.0
397.0,Airport Manager,Hospitality,104444.77,2123.0,237.0
398.0,Personal Trainer,Sports,49142.84,11024.0,1857.0
399.0,Athletic Coach,Sports,52134.7,8061.0,1289.0
400.0,Physical Education Teacher,Sports,52863.65,5601.0,686.0
401.0,Sports Agent,Sports,91573.0,2485.0,317.0
402.0,Sports Marketing Manager,Sports,79462.92,3135.0,272.0
403.0,Athletic Trainer,Sports,55052.61,5720.0,623.0
404.0,Strength & Conditioning Coach,Sports,52829.84,5365.0,916.0
405.0,Sports Psychologist,Sports,83681.32,2590.0,404.0
406.0,Kinesiology Therapist,Sports,61672.32,4098.0,341.0
407.0,Yoga Instructor,Sports,42087.87,7523.0,465.0
408.0,Fitness Director,Sports,68511.77,4545.0,539.0
409.0,Recreation Therapist,Sports,52628.06,4813.0,630.0
410.0,Sports Nutritionist,Sports,62857.66,3864.0,308.0
411.0,Sustainability Manager,Environment,89583.7,5308.0,988.0
412.0,Environmental Consultant,Environment,83168.94,4798.0,794.0
413.0,Conservation Scientist,Environment,69368.55,3096.0,417.0
414.0,Wildlife Biologist,Environment,65294.88,2761.0,212.0
415.0,Park Ranger,Environment,48967.47,4273.0,301.0
416.0,Climate Scientist,Environment,88027.55,2534.0,115.0
417.0,Renewable Energy Analyst,Environment,83795.42,4426.0,425.0
418.0,Carbon Credits Analyst,Environment,78891.38,3030.0,356.0
419.0,ESG Analyst,Environment,88474.43,5162.0,1122.0
420.0,Water Quality Specialist,Environment,72065.67,3136.0,192.0
421.0,Recycling Program Manager,Environment,65239.95,2876.0,300.0
422.0,Green Building Consultant,Environment,78220.54,3684.0,573.0
423.0,Energy Auditor,Environment,67969.81,3975.0,297.0
424.0,Ecological Restoration Specialist,Environment,64994.85,2699.0,474.0
425.0,Librarian (Research),Other,58751.24,2853.0,427.0
426.0,Archivist,Other,54992.39,2219.0,199.0
427.0,Museum Curator,Other,61695.56,2187.0,301.0
428.0,Translator / Interpreter,Other,54958.59,6001.0,299.0
429.0,Sign Language Interpreter,Other,52845.69,4347.0,768.0
430.0,Court Interpreter,Other,58620.24,3426.0,659.0
431.0,Technical Translator,Other,66461.2,3835.0,240.0
432.0,Philosopher (Academic),Other,73750.7,1207.0,117.0
433.0,Ethicist,Other,83406.65,1418.0,112.0
434.0,Think Tank Researcher,Other,78424.43,2111.0,357.0
435.0,Political Campaign Manager,Other,72458.67,3523.0,446.0
436.0,Lobbyist,Other,106579.85,2726.0,156.0
437.0,Speechwriter,Other,78681.15,2344.0,174.0
438.0,Demographer,Other,83284.1,1657.0,307.0
439.0,Geographer,Other,72647.77,2353.0,328.0
440.0,Cartographer,Other,65429.05,1680.0,326.0
441.0,Meteorologist,Other,92092.77,2581.0,345.0
442.0,Oceanographer,Other,79245.29,1404.0,284.0
443.0,Seismologist,Other,81787.11,1131.0,160.0
444.0,Volcanologist,Other,78330.41,704.0,165.0
445.0,Paleontologist,Other,64596.57,597.0,95.0
446.0,Zoologist,Other,68788.56,2062.0,291.0
447.0,Botanist,Other,66312.25,2205.0,447.0
448.0,Entomologist,Other,61924.81,1635.0,198.0
449.0,Ornithologist,Other,65527.3,1519.0,252.0
450.0,Herpetologist,Other,62699.19,1174.0,168.0
451.0,Ichthyologist,Other,65927.7,1008.0,220.0
452.0,Primatologist,Other,68842.44,873.0,152.0
453.0,Ethologist,Other,66361.9,1104.0,156.0
454.0,Behavioral Economist,Other,102102.62,2216.0,173.0
455.0,Organizational Psychologist,Other,94664.17,3179.0,286.0
456.0,Rehabilitation Counselor,Other,52688.28,5363.0,694.0
457.0,Mental Health Counselor,Other,55356.87,7431.0,1327.0
458.0,Marriage & Family Therapist,Other,58897.03,6914.0,966.0
459.0,Addiction Counselor,Other,48564.96,5880.0,931.0
460.0,Career Counselor,Other,52155.83,4533.0,361.0
461.0,Life Coach,Other,63029.86,5835.0,316.0
462.0,Executive Coach,Other,125469.16,3865.0,359.0
463.0,Nutritionist (Private Practice),Other,62550.23,4084.0,362.0
464.0,Acupuncturist,Other,71715.98,2581.0,275.0
465.0,Naturopathic Doctor,Other,82004.74,2201.0,311.0
466.0,Homeopathic Practitioner,Other,64596.57,1525.0,80.0
467.0,Massage Therapist,Other,48122.31,7955.0,701.0
468.0,Esthetician,Other,42526.3,5687.0,896.0
469.0,Cosmetologist,Other,37885.32,7595.0,1237.0
470.0,Nail Technician,Other,35691.07,5799.0,299.0
471.0,Hair Stylist,Other,38410.37,8770.0,1073.0
472.0,Tattoo Artist,Other,49171.36,3761.0,499.0
473.0,Funeral Director,Other,62712.92,3247.0,289.0
474.0,Embalmer,Other,51777.62,2536.0,217.0
475.0,Chaplain,Other,52368.18,3130.0,407.0
476.0,Theologian,Other,62410.78,1459.0,292.0
477.0,Religious Leader (Minister/Rabbi/Imam),Other,54708.21,3679.0,554.0
478.0,Philosopher (Independent),Other,45185.38,1210.0,151.0
479.0,Poet (Published),Other,38464.25,1613.0,304.0
480.0,Author / Novelist,Other,52604.82,3043.0,600.0
481.0,Technical Author,Other,77773.66,4341.0,458.0
482.0,Grant Researcher,Other,63297.14,3219.0,172.0
483.0,Professional Blogger,Other,47807.49,4495.0,420.0
484.0,Online Course Creator,Other,64656.79,5214.0,930.0
485.0,Academic Tutor,Other,41751.92,7600.0,1164.0
486.0,Test Prep Instructor,Other,51657.19,5145.0,1150.0
487.0,Piano / Music Teacher,Other,41944.19,5706.0,707.0
488.0,Art Teacher,Other,49160.8,4396.0,776.0
489.0,Dance Instructor,Other,42899.22,4350.0,670.0
490.0,Drama Teacher,Other,48699.13,3518.0,540.0
491.0,Culinary Arts Teacher,Other,52503.4,2819.0,231.0
492.0,Sommelier (Wine Educator),Other,55780.51,2020.0,160.0
493.0,Barista (Manager),Other,43017.55,5157.0,543.0
494.0,Brewery Manager,Other,65252.63,3007.0,183.0
495.0,Winemaker,Other,72699.54,1977.0,197.0
496.0,Distiller,Other,61746.27,1795.0,260.0
497.0,Food Critic,Other,58047.64,1114.0,105.0
498.0,Restaurant Critic,Other,55304.05,933.0,58.0
499.0,Travel Writer,Other,47739.87,1728.0,206.0
500.0,Adventure Guide,Other,45101.92,2886.0,219.0
501.0,Ski Instructor,Other,37980.4,4768.0,728.0
502.0,Scuba Diving Instructor,Other,42123.79,2512.0,143.0
503.0,Pilot (Private),Other,86542.19,2254.0,297.0
504.0,Air Traffic Controller,Other,130728.16,1995.0,306.0
505.0,Maritime Captain,Other,89212.89,1810.0,83.0
506.0,Merchant Marine Officer,Other,79596.03,1497.0,180.0
507.0,Astronaut,Other,143406.61,110.0,11.0
508.0,Space Mission Analyst,Other,116251.64,811.0,91.0
509.0,Defense Contractor Analyst,Other,106312.57,2842.0,146.0
510.0,Weapons Systems Engineer,Other,127705.66,2192.0,189.0
511.0,Drone Operator (Commercial),Other,69530.19,4917.0,332.0
512.0,Autonomous Vehicle Engineer,Other,147216.16,3528.0,347.0
513.0,Battery Technology Engineer,Other,121556.07,3314.0,486.0
514.0,Hydrogen Energy Specialist,Other,112308.98,2568.0,333.0
515.0,Nuclear Reactor Operator,Other,95620.25,1601.0,266.0
516.0,Power Plant Engineer,Other,93043.57,2708.0,552.0
517.0,Utilities Manager,Other,89535.11,3195.0,285.0
518.0,Water Treatment Specialist,Other,73730.63,4218.0,218.0
519.0,Waste Management Engineer,Other,79719.64,3536.0,151.0
520.0,Recycling Engineer,Other,72323.44,2962.0,397.0
521.0,Circular Economy Consultant,Other,86543.24,2583.0,464.0
522.0,Impact Investor,Other,146997.48,1627.0,202.0
523.0,Microfinance Specialist,Other,69297.77,2115.0,280.0
524.0,Economic Development Officer,Other,74646.57,3285.0,552.0
525.0,Community Development Banker,Other,72806.24,2561.0,472.0
526.0,Financial Inclusion Specialist,Other,64843.78,2227.0,405.0
527.0,Regulatory Affairs Specialist,Other,89561.52,4133.0,939.0
528.0,Clinical Trial Manager,Other,101467.7,3726.0,245.0
529.0,Drug Safety Officer,Other,96862.64,2907.0,152.0
530.0,Medical Affairs Manager,Other,116040.35,2605.0,205.0
531.0,Pharmaceutical Sales Rep,Other,77549.69,7978.0,469.0
532.0,Medical Device Sales,Other,88400.48,6243.0,1002.0
533.0,Health Informatics Specialist,Other,87834.22,3897.0,482.0
534.0,Medical Imaging Specialist,Other,79304.45,3273.0,309.0
535.0,Orthopedic Technician,Other,58828.36,4309.0,608.0
536.0,Perfusionist,Other,120136.21,1358.0,242.0
537.0,Electrophysiology Technician,Other,72796.73,2765.0,208.0
538.0,Echocardiography Technician,Other,76801.73,2911.0,388.0
539.0,Phlebotomist (Supervisor),Other,53258.76,5116.0,989.0
540.0,Pathologist Assistant,Other,89260.43,2274.0,131.0
541.0,Cytotechnologist,Other,72139.62,2617.0,396.0
542.0,Histotechnician,Other,62756.24,2622.0,584.0
543.0,Audiologist,Other,82896.38,3856.0,248.0
544.0,Prosthetist / Orthotist,Other,87411.64,2510.0,137.0
545.0,Art Therapist,Other,53087.62,3523.0,410.0
546.0,Music Therapist,Other,51956.16,3542.0,473.0
547.0,Equine Therapist,Other,48945.28,2234.0,374.0
548.0,Horticultural Therapist,Other,48934.72,1699.0,191.0
549.0,Drama Therapist,Other,53125.65,2125.0,301.0
550.0,Aquatic Therapist,Other,56034.05,2695.0,172.0
551.0,Telehealth Coordinator,Other,63493.64,5598.0,904.0
552.0,Remote Patient Monitor,Other,54936.4,4385.0,575.0
553.0,Health Coach,Other,59084.02,6193.0,370.0
554.0,Geriatric Care Manager,Other,64814.2,4107.0,663.0
555.0,Palliative Care Specialist,Other,82972.45,2592.0,453.0
556.0,Hospice Worker,Other,55235.38,4031.0,627.0
557.0,Doula,Other,47801.15,3248.0,184.0
558.0,Midwife,Other,115254.36,2316.0,518.0
559.0,Lactation Consultant,Other,64758.21,2842.0,597.0
560.0,Genetic Engineer,Other,113148.85,1996.0,196.0
561.0,CRISPR Researcher,Other,110626.05,1705.0,203.0
562.0,Synthetic Biologist,Other,116738.67,1470.0,161.0
563.0,Bioinformatics Scientist,Other,109654.12,2771.0,335.0
564.0,Computational Chemist,Other,104000.01,2219.0,231.0
565.0,Crystallographer,Other,93131.26,1098.0,214.0
566.0,Spectroscopist,Other,87574.34,1321.0,212.0
567.0,Mass Spectrometry Analyst,Other,85592.44,1627.0,118.0
568.0,Chromatography Specialist,Other,82338.58,2144.0,366.0
569.0,Lab Manager,Other,77572.93,4201.0,529.0
570.0,Research Associate,Other,55785.79,7414.0,1650.0
571.0,Postdoctoral Researcher,Other,61926.93,5240.0,984.0
572.0,Clinical Lab Scientist,Other,72668.9,4977.0,477.0
573.0,Patent Examiner,Other,91581.45,2724.0,398.0
574.0,Technology Transfer Officer,Other,83420.38,2406.0,483.0
575.0,Research Commercialization Manager,Other,93782.03,1967.0,203.0
576.0,SBIR Grant Manager,Other,79460.81,1793.0,270.0
577.0,University Research Administrator,Other,76512.26,3372.0,459.0
578.0,Academic Department Chair,Other,117211.96,1975.0,279.0
579.0,Dean of Students,Other,95743.86,2683.0,327.0
580.0,Admissions Counselor,Other,48470.94,5907.0,883.0
581.0,Financial Aid Officer,Other,52077.65,5205.0,466.0
582.0,Registrar,Other,62986.54,3262.0,600.0
583.0,Housing Director,Other,65815.71,2937.0,486.0
584.0,Student Affairs Director,Other,83820.77,2654.0,165.0
585.0,Career Services Director,Other,77736.68,3003.0,672.0
586.0,Diversity & Inclusion Officer,Other,89801.33,4377.0,410.0
587.0,Title IX Coordinator,Other,71895.58,3321.0,410.0
588.0,Ombudsman,Other,67983.55,2426.0,342.0
589.0,Accreditation Specialist,Other,72249.49,1955.0,225.0
590.0,Institutional Research Analyst,Other,69491.1,3174.0,141.0
591.0,Assessment Coordinator,Other,61955.45,3788.0,652.0
592.0,Online Education Director,Other,89991.49,2961.0,203.0
593.0,Learning Management System Admin,Other,65979.46,4145.0,362.0
594.0,Accessibility Coordinator,Other,58921.33,3259.0,478.0
595.0,International Student Advisor,Other,53227.07,3918.0,382.0
596.0,Study Abroad Coordinator,Other,48654.76,3752.0,695.0
597.0,Alumni Relations Manager,Other,63360.53,2896.0,413.0
598.0,University Fundraiser,Other,72928.79,3348.0,287.0
599.0,API Developer,Technology,144177.82,6684.0,2533.0
600.0,GraphQL Developer,Technology,141095.1,6117.0,1680.0
601.0,React Developer,Technology,135137.78,9890.0,1868.0
602.0,Angular Developer,Technology,131536.35,7891.0,1592.0
603.0,Vue.js Developer,Technology,132476.59,6870.0,4056.0
604.0,Node.js Developer,Technology,140376.71,9032.0,2387.0
605.0,Python Developer,Technology,139084.68,11271.0,3694.0
606.0,Java Developer,Technology,138356.78,9176.0,5527.0
607.0,C++ Developer,Technology,142423.05,6856.0,2003.0
608.0,Rust Developer,Technology,152793.16,4068.0,1815.0
609.0,Go Developer,Technology,149912.22,5360.0,2146.0
610.0,Swift Developer,Technology,141126.79,6361.0,2561.0
611.0,Kotlin Developer,Technology,140193.95,5298.0,1727.0
612.0,PHP Developer,Technology,111458.54,8164.0,1362.0
613.0,Ruby on Rails Developer,Technology,128752.6,6365.0,3350.0
614.0,Scala Developer,Technology,146918.24,4299.0,1282.0
615.0,R Programmer,Technology,112389.27,4609.0,1708.0
616.0,MATLAB Engineer,Technology,108936.79,3486.0,1053.0
617.0,SAS Programmer,Technology,102805.16,3178.0,800.0
618.0,Tableau Developer,Technology,97943.38,4727.0,2237.0
619.0,Power BI Developer,Technology,95542.08,5498.0,2087.0
620.0,Looker Developer,Technology,104138.4,3426.0,989.0
621.0,Snowflake Engineer,Technology,148066.6,4804.0,2797.0
622.0,Spark Engineer,Technology,152985.43,4056.0,1434.0
623.0,Kafka Engineer,Technology,151647.97,3411.0,1784.0
624.0,Kubernetes Engineer,Technology,159475.2,4951.0,1797.0
625.0,Docker Specialist,Technology,144045.76,5557.0,1820.0
626.0,Terraform Engineer,Technology,148726.89,4241.0,781.0
627.0,Ansible Engineer,Technology,134041.19,3552.0,592.0
628.0,Jenkins Engineer,Technology,130869.73,2911.0,473.0
629.0,GitHub Actions Specialist,Technology,130316.15,3616.0,2790.0
630.0,CI/CD Engineer,Technology,137607.76,3910.0,1075.0
631.0,Infrastructure Engineer,Technology,144492.64,6003.0,2126.0
632.0,Storage Engineer,Technology,129849.2,3308.0,1587.0
633.0,Virtualization Engineer,Technology,126971.43,2872.0,1349.0
634.0,Data Warehouse Engineer,Technology,141053.9,3937.0,2922.0
635.0,ETL Developer,Technology,115039.9,4285.0,1682.0
636.0,Information Architect,Technology,118710.0,3409.0,508.0
637.0,Interaction Designer,Technology,102257.92,4507.0,2656.0
638.0,Service Designer,Technology,110496.11,3255.0,783.0
639.0,Design System Manager,Technology,119397.75,2837.0,1815.0
640.0,Accessibility Engineer,Technology,113203.79,3036.0,1594.0
641.0,Localization Engineer,Technology,95583.28,2658.0,1604.0
642.0,Release Manager,Technology,125899.14,3618.0,2056.0
643.0,Configuration Manager,Technology,107134.49,3041.0,1140.0
644.0,IT Risk Manager,Technology,118140.57,2921.0,496.0
645.0,SOC Analyst,Technology,85337.83,5904.0,1043.0
646.0,Threat Intelligence Analyst,Technology,101451.85,4254.0,1652.0
647.0,Incident Response Specialist,Technology,113720.39,3525.0,2396.0
648.0,Digital Forensics Analyst,Technology,94568.03,3017.0,403.0
649.0,Malware Analyst,Technology,105462.13,2402.0,665.0
650.0,Bug Bounty Hunter,Technology,89956.63,2130.0,318.0
651.0,Reverse Engineer,Technology,120273.55,2172.0,624.0
652.0,Cryptographer,Technology,136718.23,1470.0,200.0
653.0,PKI Engineer,Technology,117117.93,2415.0,765.0
654.0,Identity & Access Manager,Technology,112146.28,3623.0,1228.0
655.0,Zero Trust Architect,Technology,151077.48,2874.0,525.0
656.0,SIEM Engineer,Technology,108259.61,3331.0,1882.0
657.0,Endpoint Security Analyst,Technology,89725.27,4562.0,661.0
658.0,Application Security Engineer,Technology,131360.98,4640.0,1190.0
659.0,Augmented Reality Designer,Technology,112650.21,3107.0,859.0
660.0,Digital Twin Engineer,Technology,131580.72,2136.0,587.0
661.0,Edge Computing Specialist,Technology,140832.04,1885.0,1116.0
662.0,IoT Engineer,Technology,127200.68,4131.0,1290.0
663.0,5G Network Engineer,Technology,135335.34,3320.0,998.0
664.0,Satellite Communications Engineer,Technology,130759.86,1755.0,831.0
665.0,Chip Design Engineer,Technology,137225.33,2639.0,358.0
666.0,FPGA Engineer,Technology,132327.63,2017.0,969.0
667.0,Semiconductor Process Engineer,Technology,128594.14,2111.0,1153.0
668.0,Photonics Engineer,Technology,122548.08,1548.0,581.0
669.0,Quantum Software Engineer,Technology,164725.75,757.0,239.0
670.0,Structured Finance Analyst,Finance,124313.41,3163.0,515.0
671.0,Derivatives Trader,Finance,199077.24,2368.0,201.0
672.0,Fixed Income Analyst,Finance,108104.31,2669.0,324.0
673.0,Commodities Trader,Finance,144160.91,2005.0,245.0
674.0,Foreign Exchange Analyst,Finance,98376.53,3117.0,486.0
675.0,ESG Investment Analyst,Finance,96069.24,4175.0,497.0
676.0,Impact Investment Manager,Finance,107506.36,2726.0,421.0
677.0,Sustainable Finance Analyst,Finance,92385.41,3608.0,1074.0
678.0,Fintech Product Manager,Finance,141359.21,4839.0,1467.0
679.0,Cryptocurrency Analyst,Finance,97179.57,4557.0,1076.0
680.0,DeFi Analyst,Finance,106387.58,3395.0,1030.0
681.0,RegTech Specialist,Finance,97563.06,3199.0,414.0
682.0,Robo-Advisor Developer,Finance,113267.18,2416.0,572.0
683.0,Payment Systems Analyst,Finance,87574.34,4040.0,675.0
684.0,Anti-Money Laundering Analyst,Finance,81814.58,4185.0,372.0
685.0,KYC Analyst,Finance,71568.08,5391.0,1014.0
686.0,Financial Crime Investigator,Finance,90089.74,3136.0,845.0
687.0,Retirement Plan Advisor,Finance,86778.83,5143.0,458.0
688.0,Insurance Actuary,Finance,120545.05,2752.0,455.0
689.0,Catastrophe Modeler,Finance,114603.58,1783.0,368.0
690.0,Reinsurance Analyst,Finance,98738.89,2177.0,796.0
691.0,Pension Fund Manager,Finance,144545.46,2361.0,403.0
692.0,Endowment Manager,Finance,141010.58,1524.0,314.0
693.0,Family Office Advisor,Finance,148846.26,1808.0,283.0
694.0,Sovereign Wealth Fund Analyst,Finance,136842.89,1220.0,151.0
695.0,Telemedicine Physician,Healthcare,250190.36,3860.0,539.0
696.0,Concierge Medicine Physician,Healthcare,284340.07,2161.0,389.0
697.0,Hospital Administrator,Healthcare,127828.21,4818.0,733.0
698.0,Chief Medical Officer,Healthcare,392139.07,753.0,73.0
699.0,Chief Nursing Officer,Healthcare,196068.48,1176.0,119.0
700.0,Health IT Specialist,Healthcare,90099.25,6179.0,511.0
701.0,Medical Scribe,Healthcare,38264.58,8262.0,1177.0
702.0,Patient Care Coordinator,Healthcare,52632.29,10229.0,1259.0
703.0,Case Manager (Healthcare),Healthcare,61659.64,7809.0,653.0
704.0,Utilization Review Specialist,Healthcare,73673.58,6047.0,906.0
705.0,Prior Authorization Specialist,Healthcare,56157.66,6174.0,793.0
706.0,Clinical Documentation Specialist,Healthcare,67933.89,5367.0,323.0
707.0,Infection Prevention Specialist,Healthcare,78316.67,4926.0,695.0
708.0,Quality Improvement Specialist,Healthcare,82509.72,4376.0,662.0
709.0,Patient Safety Officer,Healthcare,89487.57,3962.0,296.0
710.0,Clinical Ethicist,Healthcare,93552.78,1708.0,139.0
711.0,Health Economist,Healthcare,102333.99,2699.0,367.0
712.0,Pharmacy Technician (Lead),Healthcare,48590.31,6583.0,342.0
713.0,Nuclear Medicine Technologist,Healthcare,81586.38,2363.0,255.0
714.0,MRI Technologist,Healthcare,76701.36,5023.0,800.0
715.0,CT Technologist,Healthcare,73382.0,5658.0,411.0
716.0,Ultrasound Technologist,Healthcare,78941.04,5243.0,625.0
717.0,Cardiovascular Technologist,Healthcare,69026.26,3883.0,655.0
718.0,Polysomnographic Technician,Healthcare,59406.24,3525.0,569.0
719.0,Dialysis Technician,Healthcare,52784.42,4878.0,758.0
720.0,Surgical Technician,Healthcare,56081.59,5349.0,591.0
721.0,Sterile Processing Technician,Healthcare,48626.23,5655.0,1016.0
722.0,Dental Assistant (Lead),Healthcare,41851.23,7362.0,533.0
723.0,Orthodontist,Healthcare,267025.93,1830.0,283.0
724.0,Endodontist,Healthcare,309702.24,1169.0,118.0
725.0,Periodontist,Healthcare,298945.48,1013.0,125.0
726.0,Oral Surgeon,Healthcare,388585.17,900.0,121.0
727.0,Prosthodontist,Healthcare,278278.17,986.0,67.0
728.0,Pediatric Dentist,Healthcare,249026.15,1452.0,176.0
729.0,Chief of Staff,Business,165298.34,3758.0,553.0
730.0,Chief People Officer,Business,245994.14,1201.0,221.0
731.0,Chief Revenue Officer,Business,297052.32,834.0,147.0
732.0,Chief Technology Officer,Business,328016.84,737.0,99.0
733.0,General Manager,Business,128934.31,5499.0,581.0
734.0,Regional Manager,Business,112941.79,6239.0,1028.0
735.0,District Manager,Business,99052.66,6688.0,621.0
736.0,Category Manager,Business,89811.9,5695.0,780.0
737.0,Channel Manager,Business,92484.71,5107.0,748.0
738.0,Partnership Manager,Business,97950.78,5589.0,897.0
739.0,Alliance Manager,Business,103368.25,4425.0,291.0
740.0,Vendor Manager,Business,87602.86,4878.0,712.0
741.0,Contract Negotiator,Business,103143.23,4188.0,368.0
742.0,Pricing Analyst,Business,83491.16,5888.0,841.0
743.0,Revenue Operations Manager,Business,109301.27,4468.0,589.0
744.0,Sales Operations Analyst,Business,77616.25,5703.0,1008.0
745.0,Inside Sales Representative,Business,56033.0,13150.0,2717.0
746.0,Enterprise Account Executive,Business,148208.17,7033.0,562.0
747.0,SMB Account Executive,Business,87017.59,9009.0,1998.0
748.0,Sales Development Representative,Business,55443.5,13243.0,1622.0
749.0,Business Development Representative,Business,59433.71,12234.0,1268.0
750.0,Customer Experience Manager,Business,82617.48,6398.0,374.0
751.0,Community Manager,Business,61728.31,6979.0,1039.0
752.0,User Research Manager,Business,104436.32,4525.0,201.0
753.0,Performance Marketing Manager,Marketing,96427.38,7139.0,807.0
754.0,Paid Search Specialist,Marketing,72268.5,6205.0,911.0
755.0,Paid Social Specialist,Marketing,67994.11,6579.0,1302.0
756.0,Affiliate Marketing Manager,Marketing,77715.56,5581.0,397.0
757.0,Conversion Rate Optimizer,Marketing,83595.75,4884.0,979.0
758.0,Marketing Analytics Manager,Marketing,98365.96,6152.0,642.0
759.0,CRM Manager,Marketing,88603.32,7304.0,521.0
760.0,Loyalty Program Manager,Marketing,83291.49,5423.0,995.0
761.0,Trade Marketing Manager,Marketing,78111.72,4513.0,629.0
762.0,Shopper Marketing Manager,Marketing,82368.16,4003.0,448.0
763.0,Retail Marketing Manager,Marketing,79077.32,5180.0,647.0
764.0,Field Marketing Manager,Marketing,82879.48,5870.0,774.0
765.0,Account Director (Advertising),Marketing,114562.38,4802.0,644.0
766.0,Media Planner,Marketing,64854.35,5480.0,824.0
767.0,Account Planner,Marketing,71509.97,4381.0,606.0
768.0,Brand Strategist,Marketing,92728.75,4493.0,308.0
769.0,Consumer Insights Manager,Marketing,96515.06,4181.0,219.0
770.0,Packaging Designer,Marketing,64792.02,4552.0,286.0
771.0,Retail Designer,Marketing,62568.19,3989.0,443.0
772.0,Experiential Marketing Manager,Marketing,82530.85,5199.0,716.0
773.0,Online Course Developer,Education,73064.01,4671.0,861.0
774.0,Educational Technology Specialist,Education,68237.1,4980.0,469.0
775.0,Learning Experience Designer,Education,78798.42,4413.0,479.0
776.0,Corporate Learning Manager,Education,89912.26,4507.0,563.0
777.0,Academic Coach,Education,47955.39,5373.0,1057.0
778.0,Reading Specialist,Education,55803.75,5196.0,561.0
779.0,Math Interventionist,Education,55439.27,4505.0,384.0
780.0,STEM Coordinator,Education,65380.46,3912.0,628.0
781.0,Gifted Education Teacher,Education,58163.85,4577.0,738.0
782.0,Bilingual Education Teacher,Education,55274.47,6086.0,878.0
783.0,Montessori Teacher,Education,45112.48,5468.0,554.0
784.0,Waldorf Teacher,Education,45832.98,3478.0,241.0
785.0,Online Tutor (Platform),Education,47898.34,9107.0,977.0
786.0,Test Prep Coordinator,Education,55950.59,4237.0,232.0
787.0,Education Policy Analyst,Education,77488.42,2914.0,190.0
788.0,School Data Analyst,Education,65755.5,3776.0,369.0
789.0,Education Researcher,Education,73006.96,3216.0,525.0
790.0,Textbook Editor,Education,61856.14,2984.0,465.0
791.0,Educational Publisher,Education,72576.99,2660.0,246.0
792.0,Simulation Educator,Education,76401.33,3259.0,571.0
793.0,Budget Analyst (Government),Government,79853.81,4650.0,289.0
794.0,Legislative Analyst,Government,83321.07,3691.0,246.0
795.0,Municipal Manager,Government,92622.05,3263.0,242.0
796.0,County Administrator,Government,90021.07,2644.0,334.0
797.0,Public Works Director,Government,103378.81,2591.0,396.0
798.0,Emergency Management Director,Government,96230.88,2922.0,265.0
799.0,Homeland Security Analyst,Government,93680.61,3630.0,507.0
800.0,Diplomatic Security Agent,Government,88245.18,2130.0,356.0
801.0,DEA Agent,Government,91876.2,1758.0,168.0
802.0,ATF Agent,Government,87918.74,1494.0,210.0
803.0,Secret Service Agent,Government,95508.27,1189.0,177.0
804.0,Border Patrol Agent,Government,71853.32,5991.0,550.0
805.0,Coast Guard Officer,Government,78110.67,3276.0,206.0
806.0,National Guard Officer,Government,72652.0,4417.0,198.0
807.0,Public Defender (Federal),Government,71808.95,2649.0,203.0
808.0,Government Economist,Government,106911.58,2343.0,245.0
809.0,Diplomatic Translator,Government,67930.72,3328.0,121.0
810.0,Embassy Officer,Government,81498.7,2138.0,194.0
811.0,USAID Officer,Government,78529.02,1704.0,199.0
812.0,Peace Corps Volunteer Leader,Government,31976.6,2360.0,221.0
813.0,Agile Coach,Consulting,129896.74,5116.0,1200.0
814.0,Lean Six Sigma Consultant,Consulting,114104.94,3862.0,1184.0
815.0,ERP Implementation Consultant,Consulting,129949.56,4682.0,1194.0
816.0,SAP Consultant,Consulting,133076.65,4882.0,995.0
817.0,Oracle Consultant,Consulting,131019.74,3877.0,1178.0
818.0,Microsoft Dynamics Consultant,Consulting,119210.76,3987.0,918.0
819.0,Process Improvement Consultant,Consulting,104778.61,3928.0,632.0
820.0,Turnaround Consultant,Consulting,166210.06,2297.0,622.0
821.0,M&A Advisor,Consulting,189114.93,1875.0,190.0
822.0,Due Diligence Analyst,Consulting,114122.9,2763.0,247.0
823.0,Valuation Analyst,Consulting,102796.71,3120.0,442.0
824.0,Restructuring Advisor,Consulting,154017.58,2202.0,277.0
825.0,Supply Chain Consultant,Consulting,114024.65,4046.0,1121.0
826.0,Procurement Consultant,Consulting,106952.78,3703.0,445.0
827.0,Logistics Consultant,Consulting,98210.67,3895.0,674.0
828.0,Tax Consultant,Consulting,107303.52,5025.0,1600.0
829.0,Forensic Consultant,Consulting,118008.52,2789.0,573.0
830.0,Litigation Support Consultant,Consulting,103015.4,2534.0,671.0
831.0,Astrobiologist,Science,89975.65,603.0,40.0
832.0,Cosmologist,Science,94530.0,790.0,56.0
833.0,Particle Physicist,Science,103846.82,1126.0,118.0
834.0,Theoretical Physicist,Science,94846.93,1060.0,103.0
835.0,Condensed Matter Physicist,Science,97440.51,1320.0,180.0
836.0,Plasma Physicist,Science,101447.62,1130.0,104.0
837.0,Atmospheric Scientist,Science,89318.53,2523.0,329.0
838.0,Paleoclimatologist,Science,81763.87,814.0,124.0
839.0,Glaciologist,Science,78976.96,709.0,122.0
840.0,Hydrologist,Science,82644.95,3127.0,474.0
841.0,Pedologist (Soil Scientist),Science,72774.54,2035.0,138.0
842.0,Geochemist,Science,86477.74,2312.0,355.0
843.0,Geohydrologist,Science,83767.95,2538.0,387.0
844.0,Volcanologist (Research),Science,78893.5,565.0,118.0
845.0,Seismologist (Research),Science,84016.22,803.0,62.0
846.0,Remote Sensing Scientist,Science,88918.14,2513.0,142.0
847.0,GIS Specialist,Science,72788.28,5525.0,837.0
848.0,Spatial Analyst,Science,77839.16,4762.0,637.0
849.0,Bioethicist,Science,86651.0,1417.0,88.0
850.0,Science Communicator,Science,62553.4,2654.0,464.0
851.0,Controls Engineer,Engineering,98128.26,4651.0,646.0
852.0,Systems Engineer,Engineering,113087.58,5621.0,893.0
853.0,Reliability Engineer,Engineering,104107.76,4274.0,650.0
854.0,Failure Analysis Engineer,Engineering,99135.06,3791.0,570.0
855.0,Corrosion Engineer,Engineering,97235.56,2669.0,271.0
856.0,Thermal Engineer,Engineering,101586.02,3233.0,166.0
857.0,Fluid Dynamics Engineer,Engineering,104396.17,2734.0,283.0
858.0,Computational Engineer,Engineering,117676.79,3255.0,376.0
859.0,Propulsion Engineer,Engineering,130699.64,2292.0,162.0
860.0,Avionics Engineer,Engineering,124092.61,2614.0,173.0
861.0,Flight Test Engineer,Engineering,134409.89,1971.0,144.0
862.0,Spacecraft Systems Engineer,Engineering,138130.7,1756.0,232.0
863.0,Satellite Engineer,Engineering,132668.86,1416.0,279.0
864.0,Defense Systems Engineer,Engineering,130671.12,2224.0,330.0
865.0,Naval Architect,Engineering,107769.42,1345.0,72.0
866.0,Ocean Engineer,Engineering,102218.83,1737.0,186.0
867.0,Pipeline Engineer,Engineering,112338.56,2321.0,365.0
868.0,Refinery Engineer,Engineering,118838.89,2242.0,150.0
869.0,Reservoir Engineer,Engineering,130162.96,2146.0,390.0
870.0,Drilling Engineer,Engineering,137204.2,1770.0,144.0
871.0,Digital Journalist,Media,57616.61,3417.0,954.0
872.0,Data Journalist,Media,72863.29,3126.0,1231.0
873.0,Investigative Reporter,Media,63039.37,2972.0,926.0
874.0,Foreign Correspondent,Media,73766.55,1733.0,241.0
875.0,Broadcast Producer,Media,69194.24,2502.0,1213.0
876.0,News Producer,Media,72837.93,3418.0,1432.0
877.0,Documentary Filmmaker,Media,65826.28,2508.0,1026.0
878.0,Podcast Network Manager,Media,78917.79,2244.0,866.0
879.0,Music Video Director,Media,71599.77,2304.0,586.0
880.0,VFX Artist,Media,81840.99,3747.0,669.0
881.0,3D Animator,Media,77955.37,4661.0,546.0
882.0,Storyboard Artist,Media,69019.92,3167.0,740.0
883.0,Concept Artist,Media,72604.46,3898.0,703.0
884.0,Colorist (Film),Media,74843.07,2529.0,344.0
885.0,Foley Artist,Media,52172.73,2200.0,621.0
886.0,Music Supervisor,Media,78485.71,1769.0,671.0
887.0,Casting Director,Media,69184.73,2089.0,706.0
888.0,Talent Agent,Media,82099.82,2556.0,529.0
889.0,Sports Statistician,Media,72369.92,3196.0,520.0
890.0,Fantasy Sports Analyst,Media,65006.47,2193.0,444.0
891.0,Hospitality Consultant,Hospitality,78816.38,3568.0,213.0
892.0,Revenue Manager (Hotel),Hospitality,89455.87,4260.0,514.0
893.0,Food & Beverage Director,Hospitality,82714.67,4567.0,543.0
894.0,Banquet Manager,Hospitality,61758.95,4897.0,412.0
895.0,Catering Manager,Hospitality,65874.88,5385.0,536.0
896.0,Spa Director,Hospitality,73720.07,3784.0,420.0
897.0,Golf Course Manager,Hospitality,68659.67,3033.0,601.0
898.0,Marina Manager,Hospitality,65357.22,2309.0,105.0
899.0,Campground Manager,Hospitality,52651.3,3093.0,587.0
900.0,Eco-Tourism Guide,Hospitality,46016.8,3630.0,581.0
901.0,Cultural Heritage Manager,Hospitality,58219.85,2621.0,343.0
902.0,Destination Marketing Manager,Hospitality,71762.47,3115.0,617.0
903.0,Convention Services Manager,Hospitality,69228.04,3878.0,219.0
904.0,Airport Lounge Manager,Hospitality,72882.3,2790.0,471.0
905.0,Airline Operations Analyst,Hospitality,81787.11,3376.0,275.0
906.0,Circular Economy Specialist,Environment,82436.83,3263.0,310.0
907.0,Life Cycle Assessment Analyst,Environment,77961.71,3041.0,395.0
908.0,Carbon Footprint Analyst,Environment,74878.99,3484.0,650.0
909.0,Biodiversity Analyst,Environment,68070.18,2540.0,216.0
910.0,Wetlands Specialist,Environment,65436.45,2318.0,360.0
911.0,Urban Ecologist,Environment,72702.7,2501.0,592.0
912.0,Restoration Ecologist,Environment,69457.29,2243.0,176.0
913.0,Marine Conservation Specialist,Environment,66148.5,2096.0,323.0
914.0,Forest Carbon Analyst,Environment,72928.79,2511.0,222.0
915.0,Permaculture Designer,Environment,51682.54,2468.0,303.0
916.0,Sustainable Agriculture Specialist,Environment,62071.66,3429.0,371.0
917.0,Organic Farming Consultant,Environment,58706.87,2805.0,410.0
918.0,Clean Tech Analyst,Environment,88594.87,4565.0,206.0
919.0,Grid Modernization Engineer,Environment,101905.07,3630.0,289.0
920.0,EV Infrastructure Planner,Environment,89513.98,4210.0,693.0
921.0,Geothermal Energy Specialist,Environment,94536.34,2195.0,129.0
922.0,Tidal Energy Engineer,Environment,92167.78,1449.0,132.0
923.0,Bioenergy Specialist,Environment,84783.2,2262.0,465.0
924.0,Notary Public (Commercial),Other,55378.0,3411.0,255.0
925.0,Process Server,Other,44832.52,2515.0,341.0
926.0,Private Investigator,Other,57688.45,2878.0,401.0
927.0,Security Consultant,Other,89706.25,4101.0,217.0
928.0,Background Check Analyst,Other,53049.58,4571.0,689.0
929.0,Risk Assessment Specialist,Other,82068.13,3981.0,607.0
930.0,Business Continuity Planner,Other,89131.54,3398.0,775.0
931.0,Crisis Management Specialist,Other,93455.59,3128.0,539.0
932.0,Insurance Investigator,Other,72399.5,3463.0,209.0
933.0,Loss Prevention Manager,Other,64746.59,4652.0,821.0
934.0,Fraud Examiner,Other,82004.74,4145.0,408.0
935.0,Certified Ethical Hacker,Other,101908.24,3608.0,230.0
936.0,Information Security Consultant,Other,117200.34,4106.0,925.0
937.0,Compliance Auditor,Other,88348.71,4887.0,287.0
938.0,Internal Auditor,Other,81431.09,4870.0,698.0
939.0,ISO Certification Specialist,Other,79175.57,3422.0,275.0
940.0,Quality Management Specialist,Other,77809.58,4003.0,664.0
941.0,Lean Manufacturing Specialist,Other,85698.08,4061.0,346.0
942.0,Six Sigma Black Belt,Other,106433.01,3556.0,785.0
943.0,Kaizen Facilitator,Other,87453.9,3405.0,438.0
944.0,Ergonomics Specialist,Other,73676.75,3073.0,238.0
945.0,Industrial Hygienist,Other,79147.04,3541.0,611.0
946.0,Safety Officer,Other,72737.57,4918.0,321.0
947.0,OSHA Compliance Manager,Other,83916.91,3885.0,721.0
948.0,Workers Comp Specialist,Other,69572.45,4058.0,360.0
949.0,Benefits Consultant,Other,79135.42,4739.0,969.0
950.0,Employee Relations Specialist,Other,72808.35,4961.0,427.0
951.0,Workplace Investigator,Other,82135.74,3722.0,475.0
952.0,HRIS Analyst,Other,79832.68,4668.0,641.0
953.0,HR Analytics Manager,Other,88546.27,4016.0,592.0
954.0,Organizational Development Specialist,Other,84867.71,4558.0,908.0
955.0,Change Management Specialist,Other,95733.29,4426.0,635.0
956.0,Instructional Technology Specialist,Other,72011.79,4932.0,412.0
957.0,Knowledge Management Specialist,Other,77881.42,3853.0,545.0
958.0,Intellectual Property Manager,Other,103073.5,3764.0,624.0
959.0,Technology Licensing Manager,Other,98954.41,3018.0,292.0
960.0,Standards Development Engineer,Other,87404.25,2723.0,385.0
961.0,Calibration Technician,Other,63523.22,3648.0,184.0
962.0,Metrologist,Other,76383.37,2799.0,246.0
963.0,NDT Inspector,Other,67984.6,3446.0,601.0
964.0,Reliability Technician,Other,63428.14,4017.0,345.0
965.0,Maintenance Engineer,Other,79231.56,5862.0,481.0
966.0,Plant Manager,Other,112781.21,3353.0,692.0
967.0,Warehouse Manager,Other,69491.1,6869.0,400.0
968.0,Distribution Center Manager,Other,77822.26,5461.0,324.0
969.0,Fleet Manager,Other,73291.15,4928.0,254.0
970.0,Transportation Planner,Other,83598.92,4206.0,296.0
971.0,Freight Broker,Other,62908.37,5692.0,286.0
972.0,Import/Export Specialist,Other,65954.11,4227.0,457.0
973.0,Trade Compliance Manager,Other,88848.41,4207.0,361.0
974.0,Tariff Analyst,Other,73617.59,3377.0,714.0
975.0,Customs Broker,Other,69446.73,3727.0,396.0
976.0,Supply Chain Analyst,Other,74815.6,6695.0,859.0
977.0,Demand Planning Analyst,Other,79500.95,5809.0,477.0
978.0,Inventory Analyst,Other,66389.37,6145.0,872.0
979.0,Category Analyst,Other,71902.97,5615.0,351.0
980.0,Merchandising Manager,Other,78281.81,4912.0,470.0
981.0,Visual Merchandiser,Other,52945.0,5995.0,441.0
982.0,Buyer (Fashion/Retail),Other,68156.81,5386.0,565.0
983.0,Fashion Stylist,Other,51641.34,5426.0,442.0
984.0,Personal Shopper,Other,48409.66,4876.0,574.0
985.0,Image Consultant,Other,54854.0,3222.0,634.0
986.0,Color Analyst,Other,47685.99,2698.0,132.0
987.0,Wardrobe Stylist (Film),Other,61855.09,2825.0,297.0
988.0,Costume Designer,Other,64814.2,2782.0,403.0
989.0,Set Designer,Other,72929.84,2316.0,452.0
990.0,Prop Master,Other,62121.31,2064.0,194.0
991.0,Scenic Designer,Other,69484.76,2234.0,254.0
992.0,Lighting Technician (Theater),Other,51999.47,2657.0,239.0
993.0,Sound Designer (Theater),Other,59256.22,2347.0,217.0
994.0,Stage Manager,Other,54897.31,2918.0,469.0
995.0,Theater Director,Other,61636.4,2608.0,519.0
996.0,Choreographer,Other,53166.85,3116.0,148.0
997.0,Music Composer,Other,58103.64,3528.0,234.0
998.0,Conductor,Other,72161.8,1372.0,115.0
999.0,Instrumentalist (Professional),Other,48330.43,4559.0,631.0
1000.0,Session Musician,Other,53229.18,3348.0,656.0
1001.0,Music Teacher (Private),Other,45114.6,6068.0,337.0
1002.0,Band Director,Other,56178.79,3664.0,188.0
1003.0,Music Therapist (Pediatric),Other,55748.81,3164.0,223.0
1004.0,DJ / Electronic Music Producer,Other,54937.46,4710.0,524.0
1005.0,Sound Healing Practitioner,Other,45483.3,2471.0,416.0
1006.0,Podcast Editor,Other,48552.28,5497.0,1064.0
1007.0,Video Editor (YouTube),Other,54898.37,6848.0,567.0
1008.0,Social Video Creator,Other,51863.19,7246.0,769.0
1009.0,Content Creator (TikTok),Other,47902.57,8580.0,1562.0
1010.0,Newsletter Writer,Other,52535.09,3733.0,634.0
1011.0,Substack Writer,Other,47724.03,2928.0,540.0
1012.0,Research Journalist,Other,62831.25,3117.0,286.0
1013.0,Fact-Checker,Other,52702.01,2960.0,517.0
1014.0,Copy Editor,Other,54680.74,3850.0,574.0
1015.0,Proofreader,Other,47962.78,3506.0,250.0
1016.0,Ghostwriter,Other,65317.07,3801.0,301.0
1017.0,Speechwriter (Corporate),Other,82111.44,3027.0,638.0
1018.0,Grant Proposal Writer,Other,65841.07,4295.0,306.0
1019.0,Technical Proposal Writer,Other,72227.3,4364.0,503.0
1020.0,Content Moderator,Other,51893.83,8450.0,553.0
1021.0,Trust & Safety Analyst,Other,69653.79,6923.0,1322.0
1022.0,Policy Researcher,Other,71962.13,3380.0,620.0
1023.0,Legal Researcher,Other,63291.86,4321.0,310.0
1024.0,Law Clerk,Other,52104.06,5436.0,567.0
1025.0,Bar Exam Tutor,Other,55778.39,2909.0,392.0
1026.0,LSAT Tutor,Other,52280.49,4884.0,219.0
1027.0,GRE/GMAT Tutor,Other,52785.47,5235.0,903.0
1028.0,Standardized Test Developer,Other,73121.06,3189.0,200.0
1029.0,Psychometrician,Other,83302.06,2637.0,262.0
1030.0,Assessment Designer,Other,72481.91,3451.0,642.0
1031.0,Curriculum Writer,Other,61635.35,4229.0,367.0
1032.0,Learning Analytics Specialist,Other,79381.58,3648.0,615.0
1033.0,Adaptive Learning Designer,Other,82516.06,3037.0,526.0
1034.0,Virtual Reality Educator,Other,84561.34,2687.0,464.0
1035.0,Gamification Designer,Other,78830.11,3464.0,371.0
1036.0,Simulation Trainer,Other,72847.44,3458.0,637.0
1037.0,Flight Simulator Instructor,Other,85406.5,2114.0,171.0
1038.0,Military Training Developer,Other,82007.91,2522.0,594.0
1039.0,Corporate Wellness Coordinator,Other,62725.6,4989.0,866.0
1040.0,Employee Assistance Program Counselor,Other,66170.68,4862.0,597.0
1041.0,Workplace Wellness Coach,Other,63487.3,4508.0,688.0
1042.0,Ergonomics Consultant,Other,72022.35,3605.0,201.0
1043.0,Mindfulness Instructor (Corporate),Other,57762.4,4187.0,363.0
1044.0,Financial Wellness Educator,Other,66566.85,3493.0,726.0
1045.0,Retirement Planning Educator,Other,73091.48,4160.0,236.0
1046.0,Estate Planning Attorney,Other,112644.93,2953.0,496.0
1047.0,Trust Officer,Other,89889.02,3445.0,448.0
1048.0,Elder Law Attorney,Other,95505.1,2546.0,374.0
1049.0,Special Needs Planner,Other,81851.55,2510.0,506.0
1050.0,Guardian ad Litem,Other,63466.17,3086.0,206.0
1051.0,Child Advocate,Other,52777.02,4506.0,205.0
1052.0,Foster Care Coordinator,Other,47957.5,4056.0,609.0
1053.0,Adoption Specialist,Other,52810.83,3607.0,560.0
1054.0,Family Mediator,Other,72380.49,3015.0,541.0
1055.0,Divorce Financial Analyst,Other,83948.6,2680.0,185.0
1056.0,Victim Advocate,Other,48779.42,4836.0,992.0
1057.0,Probation Officer,Other,54753.64,4770.0,700.0
1058.0,Parole Officer,Other,59203.4,3772.0,579.0
1059.0,Corrections Officer (Admin),Other,51800.86,5308.0,266.0
1060.0,Juvenile Justice Counselor,Other,52583.69,4968.0,1006.0
1061.0,Restorative Justice Coordinator,Other,55107.55,3679.0,336.0
1062.0,Reentry Specialist,Other,47953.28,4542.0,610.0
1063.0,Street Outreach Worker,Other,41839.6,4925.0,1049.0
1064.0,Housing Case Manager,Other,48369.52,5742.0,300.0
1065.0,Homeless Services Coordinator,Other,53254.54,4931.0,597.0
1066.0,Refugee Resettlement Specialist,Other,53226.01,3832.0,691.0
1067.0,Disability Rights Advocate,Other,54740.96,3626.0,377.0
1068.0,Veterans Services Coordinator,Other,57833.19,4438.0,848.0
1069.0,Military Family Support Specialist,Other,54783.22,3543.0,595.0
1070.0,Trauma-Informed Care Specialist,Other,63286.58,4889.0,751.0
1071.0,Crisis Hotline Counselor,Other,44919.15,5238.0,1014.0
1072.0,Mobile Crisis Worker,Other,53245.03,4971.0,824.0
1073.0,Community Health Worker,Other,44818.79,6871.0,479.0
1074.0,Health Navigator,Other,48523.76,6262.0,1072.0
1075.0,Patient Advocate,Other,55888.26,5497.0,827.0
1076.0,Bioethics Consultant,Other,89438.97,1610.0,166.0
1077.0,Organ Procurement Coordinator,Other,76036.86,2027.0,131.0
1078.0,Clinical Trials Coordinator,Other,65482.93,4291.0,452.0
1079.0,IRB Specialist,Other,71752.96,3486.0,475.0
1080.0,Research Compliance Officer,Other,81986.78,2978.0,276.0
1081.0,Laboratory Safety Officer,Other,76831.31,3473.0,677.0
1082.0,Biosafety Officer,Other,82638.61,2497.0,169.0
1083.0,Radiation Safety Officer,Other,88436.4,2419.0,217.0
1084.0,Environmental Health Specialist,Other,71941.01,3810.0,238.0
1085.0,Food Safety Inspector,Other,63233.75,4415.0,776.0
1086.0,Agricultural Inspector,Other,58518.82,3364.0,765.0
1087.0,Wildlife Inspector (USFWS),Other,61594.14,2716.0,234.0
1088.0,Invasive Species Coordinator,Other,58208.23,2724.0,301.0
1089.0,Fisheries Biologist,Other,66537.27,2297.0,526.0
1090.0,Range Conservationist,Other,62980.21,2468.0,431.0
1091.0,Soil Conservation Technician,Other,51857.91,3227.0,215.0
1092.0,Watershed Manager,Other,73640.83,2679.0,483.0
1093.0,Groundwater Specialist,Other,76797.5,3093.0,521.0
1094.0,Air Quality Analyst,Other,72904.49,3564.0,335.0
1095.0,Noise Pollution Specialist,Other,65753.38,2585.0,293.0
1096.0,Light Pollution Researcher,Other,61724.09,1357.0,213.0
1097.0,Ecoacoustics Researcher,Other,65283.26,1213.0,187.0
1098.0,Urban Heat Island Analyst,Other,69525.96,2162.0,223.0
1099.0,Green Infrastructure Planner,Other,75785.42,3456.0,276.0
1100.0,Urban Food Systems Planner,Other,68323.72,2582.0,227.0
1101.0,Transit Planner,Other,79929.87,3751.0,229.0
1102.0,Bicycle Infrastructure Planner,Other,64819.48,2467.0,376.0
1103.0,Pedestrian Safety Analyst,Other,68973.44,2923.0,473.0
1104.0,Autonomous Mobility Planner,Other,86904.55,2399.0,313.0
1105.0,Smart City Analyst,Other,82429.43,3194.0,150.0
1106.0,GovTech Specialist,Other,79282.27,3630.0,505.0
1107.0,Open Data Coordinator,Other,72695.31,2729.0,515.0
1108.0,Digital Equity Analyst,Other,68375.49,3217.0,352.0
1109.0,Broadband Policy Specialist,Other,76098.13,2590.0,270.0
1110.0,Spectrum Analyst,Other,82852.01,2390.0,482.0
1111.0,Telecommunications Analyst,Other,87431.72,3733.0,418.0
1112.0,Radio Frequency Engineer,Other,101426.5,3489.0,581.0
1113.0,Antenna Engineer,Other,104715.22,2652.0,150.0
1114.0,Signal Processing Engineer,Other,110074.59,2863.0,204.0
1115.0,Communications Systems Engineer,Other,112591.05,3615.0,457.0
1116.0,Radar Engineer,Other,119842.51,2235.0,113.0
1117.0,Sonar Engineer,Other,112311.09,1760.0,150.0
1118.0,Electronic Warfare Analyst,Other,122741.41,1433.0,279.0
1119.0,Space Systems Analyst,Other,116275.94,1095.0,204.0
1120.0,Orbital Mechanics Engineer,Other,129584.03,869.0,92.0
1121.0,Mission Operations Analyst,Other,112924.89,976.0,58.0
1122.0,Ground Systems Engineer,Other,117895.48,1167.0,187.0
1123.0,Payload Systems Engineer,Other,124047.18,921.0,127.0
1124.0,Propellant Engineer,Other,130104.86,707.0,55.0
1125.0,Launch Operations Engineer,Other,132545.26,711.0,101.0
1126.0,Range Safety Engineer,Other,115868.15,586.0,78.0
1127.0,Reentry Vehicle Engineer,Other,128615.27,624.0,33.0
